CONSUMER,PAIR,MANGO,LEMON,CASSIS,TEMP,CHOSEN
1,1,0.3,0.55,0.15,1,0
1,1,0.525,0.325,0.15,1,1
1,2,0.45,0.25,0.3,1,0
1,2,0.75,0.1,0.15,1,1
1,3,0.525,0.325,0.15,1,1
1,3,0.45,0.25,0.3,1,0
1,4,0.75,0.1,0.15,1,1
1,4,0.3,0.55,0.15,1,0
2,1,0.3,0.1,0.6,1,1
2,1,0.3,0.325,0.375,1,0
2,2,0.45,0.25,0.3,1,1
2,2,0.525,0.1,0.375,1,0
2,3,0.3,0.325,0.375,1,0
2,3,0.45,0.25,0.3,1,1
2,4,0.525,0.1,0.375,1,0
2,4,0.3,0.1,0.6,1,1
3,1,0.3,0.55,0.15,1,0
3,1,0.525,0.325,0.15,1,1
3,2,0.45,0.25,0.3,1,1
3,2,0.3,0.325,0.375,1,0
3,3,0.525,0.325,0.15,1,0
3,3,0.45,0.25,0.3,1,1
3,4,0.3,0.325,0.375,1,1
3,4,0.3,0.55,0.15,1,0
4,1,0.75,0.1,0.15,1,1
4,1,0.525,0.325,0.15,1,0
4,2,0.525,0.1,0.375,1,1
4,2,0.45,0.25,0.3,1,0
4,3,0.525,0.325,0.15,1,0
4,3,0.525,0.1,0.375,1,1
4,4,0.45,0.25,0.3,1,1
4,4,0.75,0.1,0.15,1,0
5,1,0.3,0.55,0.15,1,0
5,1,0.45,0.25,0.3,1,1
5,2,0.525,0.325,0.15,1,1
5,2,0.3,0.325,0.375,1,0
5,3,0.45,0.25,0.3,1,1
5,3,0.525,0.325,0.15,1,0
5,4,0.3,0.325,0.375,1,1
5,4,0.3,0.55,0.15,1,0
6,1,0.45,0.25,0.3,1,1
6,1,0.3,0.1,0.6,1,0
6,2,0.525,0.1,0.375,1,0
6,2,0.75,0.1,0.15,1,1
6,3,0.3,0.1,0.6,1,0
6,3,0.525,0.1,0.375,1,1
6,4,0.75,0.1,0.15,1,1
6,4,0.45,0.25,0.3,1,0
7,1,0.75,0.1,0.15,1,0
7,1,0.45,0.25,0.3,1,1
7,2,0.3,0.1,0.6,1,0
7,2,0.525,0.1,0.375,1,1
7,3,0.45,0.25,0.3,1,1
7,3,0.3,0.1,0.6,1,0
7,4,0.525,0.1,0.375,1,1
7,4,0.75,0.1,0.15,1,0
8,1,0.525,0.325,0.15,1,0
8,1,0.45,0.25,0.3,1,1
8,2,0.75,0.1,0.15,1,1
8,2,0.525,0.1,0.375,1,0
8,3,0.45,0.25,0.3,1,1
8,3,0.75,0.1,0.15,1,0
8,4,0.525,0.1,0.375,1,1
8,4,0.525,0.325,0.15,1,0
9,1,0.45,0.25,0.3,1,0
9,1,0.75,0.1,0.15,1,1
9,2,0.3,0.55,0.15,1,0
9,2,0.525,0.325,0.15,1,1
9,3,0.75,0.1,0.15,1,1
9,3,0.3,0.55,0.15,1,0
9,4,0.525,0.325,0.15,1,0
9,4,0.45,0.25,0.3,1,1
10,1,0.75,0.1,0.15,1,1
10,1,0.525,0.1,0.375,1,0
10,2,0.525,0.325,0.15,1,0
10,2,0.45,0.25,0.3,1,1
10,3,0.525,0.1,0.375,1,1
10,3,0.525,0.325,0.15,1,0
10,4,0.45,0.25,0.3,1,0
10,4,0.75,0.1,0.15,1,1
11,1,0.45,0.25,0.3,1,1
11,1,0.525,0.325,0.15,1,0
11,2,0.3,0.325,0.375,1,1
11,2,0.3,0.55,0.15,1,0
11,3,0.525,0.325,0.15,1,0
11,3,0.3,0.325,0.375,1,1
11,4,0.3,0.55,0.15,1,0
11,4,0.45,0.25,0.3,1,1
12,1,0.45,0.25,0.3,1,1
12,1,0.3,0.1,0.6,1,0
12,2,0.525,0.1,0.375,1,1
12,2,0.3,0.325,0.375,1,0
12,3,0.3,0.1,0.6,1,0
12,3,0.525,0.1,0.375,1,1
12,4,0.3,0.325,0.375,1,0
12,4,0.45,0.25,0.3,1,1
13,1,0.75,0.1,0.15,1,0
13,1,0.45,0.25,0.3,1,1
13,2,0.525,0.325,0.15,1,0
13,2,0.525,0.1,0.375,1,1
13,3,0.45,0.25,0.3,1,1
13,3,0.525,0.325,0.15,1,0
13,4,0.525,0.1,0.375,1,0
13,4,0.75,0.1,0.15,1,1
14,1,0.75,0.1,0.15,1,1
14,1,0.3,0.1,0.6,1,0
14,2,0.45,0.25,0.3,1,0
14,2,0.525,0.1,0.375,1,1
14,3,0.3,0.1,0.6,1,0
14,3,0.45,0.25,0.3,1,1
14,4,0.525,0.1,0.375,1,1
14,4,0.75,0.1,0.15,1,0
15,1,0.45,0.25,0.3,1,0
15,1,0.3,0.55,0.15,1,1
15,2,0.3,0.1,0.6,1,0
15,2,0.3,0.325,0.375,1,1
15,3,0.3,0.55,0.15,1,1
15,3,0.3,0.1,0.6,1,0
15,4,0.3,0.325,0.375,1,0
15,4,0.45,0.25,0.3,1,1
16,1,0.45,0.25,0.3,1,1
16,1,0.3,0.325,0.375,1,0
16,2,0.525,0.1,0.375,1,0
16,2,0.3,0.1,0.6,1,1
16,3,0.3,0.325,0.375,1,0
16,3,0.525,0.1,0.375,1,1
16,4,0.3,0.1,0.6,1,0
16,4,0.45,0.25,0.3,1,1
17,1,0.3,0.325,0.375,1,0
17,1,0.525,0.325,0.15,1,1
17,2,0.45,0.25,0.3,1,1
17,2,0.3,0.55,0.15,1,0
17,3,0.525,0.325,0.15,1,1
17,3,0.45,0.25,0.3,1,0
17,4,0.3,0.55,0.15,1,0
17,4,0.3,0.325,0.375,1,1
18,1,0.45,0.25,0.3,1,1
18,1,0.75,0.1,0.15,1,0
18,2,0.525,0.1,0.375,1,1
18,2,0.3,0.1,0.6,1,0
18,3,0.75,0.1,0.15,1,1
18,3,0.525,0.1,0.375,1,0
18,4,0.3,0.1,0.6,1,0
18,4,0.45,0.25,0.3,1,1
19,1,0.45,0.25,0.3,1,0
19,1,0.3,0.325,0.375,1,1
19,2,0.3,0.55,0.15,1,0
19,2,0.3,0.1,0.6,1,1
19,3,0.3,0.325,0.375,1,1
19,3,0.45,0.25,0.3,1,0
19,4,0.3,0.1,0.6,1,0
19,4,0.45,0.25,0.3,1,1
20,1,0.75,0.1,0.15,1,1
20,1,0.45,0.25,0.3,1,0
20,2,0.525,0.1,0.375,1,1
20,2,0.525,0.325,0.15,1,0
20,3,0.45,0.25,0.3,1,1
20,3,0.525,0.1,0.375,1,0
20,4,0.525,0.325,0.15,1,0
20,4,0.75,0.1,0.15,1,1
21,1,0.525,0.1,0.375,1,1
21,1,0.3,0.1,0.6,1,0
21,2,0.45,0.25,0.3,1,1
21,2,0.75,0.1,0.15,1,0
21,3,0.3,0.1,0.6,1,1
21,3,0.45,0.25,0.3,1,0
21,4,0.75,0.1,0.15,1,0
21,4,0.525,0.1,0.375,1,1
22,1,0.45,0.25,0.3,1,1
22,1,0.525,0.325,0.15,1,0
22,2,0.3,0.55,0.15,1,0
22,2,0.75,0.1,0.15,1,1
22,3,0.525,0.325,0.15,1,1
22,3,0.3,0.55,0.15,1,0
22,4,0.75,0.1,0.15,1,1
22,4,0.45,0.25,0.3,1,0
23,1,0.75,0.1,0.15,1,1
23,1,0.525,0.325,0.15,1,0
23,2,0.45,0.25,0.3,1,1
23,2,0.3,0.55,0.15,1,0
23,3,0.525,0.325,0.15,1,0
23,3,0.45,0.25,0.3,1,1
23,4,0.3,0.55,0.15,1,0
23,4,0.75,0.1,0.15,1,1
24,1,0.3,0.1,0.6,1,1
24,1,0.3,0.325,0.375,1,0
24,2,0.45,0.25,0.3,1,1
24,2,0.3,0.55,0.15,1,0
24,3,0.3,0.325,0.375,1,1
24,3,0.45,0.25,0.3,1,0
24,4,0.3,0.55,0.15,1,0
24,4,0.3,0.1,0.6,1,1
25,1,0.525,0.1,0.375,1,1
25,1,0.3,0.325,0.375,1,0
25,2,0.45,0.25,0.3,1,0
25,2,0.3,0.1,0.6,1,1
25,3,0.3,0.325,0.375,1,0
25,3,0.45,0.25,0.3,1,1
25,4,0.3,0.1,0.6,1,0
25,4,0.525,0.1,0.375,1,1
26,1,0.45,0.25,0.3,1,0
26,1,0.3,0.325,0.375,1,1
26,2,0.3,0.55,0.15,1,0
26,2,0.525,0.325,0.15,1,1
26,3,0.3,0.325,0.375,1,1
26,3,0.3,0.55,0.15,1,0
26,4,0.525,0.325,0.15,1,0
26,4,0.45,0.25,0.3,1,1
27,1,0.45,0.25,0.3,1,0
27,1,0.3,0.55,0.15,1,1
27,2,0.3,0.325,0.375,1,0
27,2,0.525,0.325,0.15,1,1
27,3,0.3,0.55,0.15,1,0
27,3,0.3,0.325,0.375,1,1
27,4,0.525,0.325,0.15,1,1
27,4,0.45,0.25,0.3,1,0
28,1,0.3,0.1,0.6,1,0
28,1,0.45,0.25,0.3,1,1
28,2,0.3,0.325,0.375,1,1
28,2,0.525,0.1,0.375,1,0
28,3,0.45,0.25,0.3,1,1
28,3,0.3,0.325,0.375,1,0
28,4,0.525,0.1,0.375,1,0
28,4,0.3,0.1,0.6,1,1
29,1,0.3,0.1,0.6,1,1
29,1,0.45,0.25,0.3,1,0
29,2,0.3,0.325,0.375,1,1
29,2,0.3,0.55,0.15,1,0
29,3,0.45,0.25,0.3,1,1
29,3,0.3,0.325,0.375,1,0
29,4,0.3,0.55,0.15,1,1
29,4,0.3,0.1,0.6,1,0
30,1,0.45,0.25,0.3,1,1
30,1,0.3,0.1,0.6,1,0
30,2,0.3,0.55,0.15,1,1
30,2,0.3,0.325,0.375,1,0
30,3,0.3,0.1,0.6,1,0
30,3,0.3,0.55,0.15,1,1
30,4,0.3,0.325,0.375,1,0
30,4,0.45,0.25,0.3,1,1
31,1,0.45,0.25,0.3,1,1
31,1,0.525,0.1,0.375,1,0
31,2,0.75,0.1,0.15,1,1
31,2,0.3,0.1,0.6,1,0
31,3,0.525,0.1,0.375,1,0
31,3,0.75,0.1,0.15,1,1
31,4,0.3,0.1,0.6,1,0
31,4,0.45,0.25,0.3,1,1
32,1,0.45,0.25,0.3,1,1
32,1,0.3,0.55,0.15,1,0
32,2,0.525,0.325,0.15,1,0
32,2,0.75,0.1,0.15,1,1
32,3,0.3,0.55,0.15,1,0
32,3,0.525,0.325,0.15,1,1
32,4,0.75,0.1,0.15,1,0
32,4,0.45,0.25,0.3,1,1
33,1,0.75,0.1,0.15,1,1
33,1,0.45,0.25,0.3,1,0
33,2,0.525,0.325,0.15,1,1
33,2,0.3,0.55,0.15,1,0
33,3,0.45,0.25,0.3,1,0
33,3,0.525,0.325,0.15,1,1
33,4,0.3,0.55,0.15,1,0
33,4,0.75,0.1,0.15,1,1
34,1,0.3,0.55,0.15,1,1
34,1,0.3,0.325,0.375,1,0
34,2,0.45,0.25,0.3,1,1
34,2,0.3,0.1,0.6,1,0
34,3,0.3,0.325,0.375,1,0
34,3,0.45,0.25,0.3,1,1
34,4,0.3,0.1,0.6,1,0
34,4,0.3,0.55,0.15,1,1
35,1,0.525,0.1,0.375,1,1
35,1,0.45,0.25,0.3,1,0
35,2,0.75,0.1,0.15,1,1
35,2,0.525,0.325,0.15,1,0
35,3,0.45,0.25,0.3,1,1
35,3,0.75,0.1,0.15,1,0
35,4,0.525,0.325,0.15,1,1
35,4,0.525,0.1,0.375,1,0
100,1,0.75,0.1,0.15,1,1
100,1,0.75,0.1,0.15,0,0
100,2,0.3,0.55,0.15,1,1
100,2,0.3,0.55,0.15,0,0
100,3,0.75,0.1,0.15,1,1
100,3,0.75,0.1,0.15,0,0
100,4,0.45,0.25,0.3,1,1
100,4,0.45,0.25,0.3,0,0
100,1,0.3,0.325,0.375,1,1
100,1,0.3,0.325,0.375,0,0
100,2,0.3,0.1,0.6,1,1
100,2,0.3,0.1,0.6,0,0
100,3,0.525,0.325,0.15,1,1
100,3,0.525,0.325,0.15,0,0
100,4,0.525,0.1,0.375,1,1
100,4,0.525,0.1,0.375,0,0
100,1,0.75,0.1,0.15,1,1
100,1,0.75,0.1,0.15,0,0
100,2,0.3,0.55,0.15,1,1
100,2,0.3,0.55,0.15,0,0
100,3,0.75,0.1,0.15,1,1
100,3,0.75,0.1,0.15,0,0
100,4,0.45,0.25,0.3,1,1
100,4,0.45,0.25,0.3,0,0
100,1,0.3,0.325,0.375,1,1
100,1,0.3,0.325,0.375,0,0
100,2,0.3,0.1,0.6,1,1
100,2,0.3,0.1,0.6,0,0
100,3,0.525,0.325,0.15,1,1
100,3,0.525,0.325,0.15,0,0
100,4,0.525,0.1,0.375,1,1
100,4,0.525,0.1,0.375,0,0
